yyyy-mm-dd,folio_code,rev_code,name,receipt numer,amount,type
8/18/20,09-000-1079,101,ACADEMIC TRANSCRIPT,184601,0,Credit
8/18/20,09-000-1075,102,ADMISSION FORM I.O.E,184602,0,Credit
8/18/20,09-000-1064,103,ADMISSION FORMS,184603,0,Credit
8/18/20,09-000-1090,104,BIOLOGICAL GARDEN GATES TAKINGS,184604,0,Credit
8/18/20,09-000-1036,105,BOARDED PROPERTY,184605,0,Credit
8/18/20,09-000-1078,106,CLINIC REGISTRATION (STAFF),184606,0,Credit
8/18/20,09-000-1074,107,COMPUTER TRAINING FORM,184607,0,Credit
8/18/20,09-000-1091,108,CONVOCATION MASTERS CHARGES,184608,0,Credit
8/18/20,09-000-1091,109,CONVOCATION OTHER POST-GRADUATE CHARGES,184609,0,Credit
8/18/20,09-000-1091,110,CONVOCATION PHD CHARGES,184610,0,Credit
8/18/20,09-000-1091,111,CONVOCATION SOUVENIR,184611,0,Credit
8/18/20,09-000-1091,112,CONVOCATION UNDERGRADUATE CHARGES,184612,0,Credit
8/18/20,09-000-1036,113,DISPOSAL OF ASSETS INCOME,184613,0,Credit
8/18/20,09-000-1026,114,ELECTRICITY CHARGES FROM SHOP KIOSK ETC,184614,0,Credit
8/18/20,09-000-1087,115,FACULTY BASED CHARGES,184615,0,Credit
8/18/20,09-101-1072,116,FOREIGN POSTGRADUATE EXAMINATION FEES,184617,0,Credit
8/18/20,09-101-1073,117,FOREIGN POSTGRADUATE LAB & OTHER FEES,184619,0,Credit
8/18/20,09-101-1072,118,FOREIGN POSTGRADUATE REGISTRATION FEES,184620,0,Credit
8/18/20,09-101-1070,119,FOREIGN POSTGRADUATE TUITION FEES,184621,0,Credit
8/18/20,09-101-1062,120,FOREIGN UNDERGRADUATE EXAMINATION FEES,184622,0,Credit
8/18/20,09-101-1064,121,FOREIGN UNDERGRADUATE LAB. & OTHER FEES,184624,0,Credit
8/18/20,09-101-1061,122,FOREIGN UNDERGRADUATE TUITION FEES,184625,0,Credit
8/18/20,09-000-1021,123,GAMES FEE,184626,0,Credit
8/18/20,09-000-1023,124,HOSTEL ACCOMMODATION (REMEDIAL I.O.E. ETC),184626,0,Credit
8/18/20,09-000-1067,125,IBS ACCEPTANCE PAYMENT,184627,0,Credit
8/18/20,09-000-1085,126,IBS ADD/DROP PAYMENT,184628,0,Credit
8/18/20,09-000-1064,127,IBS APPLICATION FORM,184629,0,Credit
8/18/20,09-000-1064,128,IBS CHANGE OF COURSE FORM,184630,0,Credit
8/18/20,09-000-1078,129,IBS CLINIC REGISTRATION PAYMENT,184631,0,Credit
8/18/20,09-000-1023,130,IBS HOSTEL ACCOMMODATION,184632,0,Credit
8/18/20,09-000-1064,131,IBS INTERNATIONAL APPLICATION,184633,0,Credit
8/18/20,09-000-1079,132,IBS TRANSCRIPT PAYMENT,184634,0,Credit
8/18/20,09-000-1065,133,IBS TRANSFER CHARGES,184635,0,Credit
8/18/20,09-000-1085,134,IBS UTME SCREENING CHANGE OF COURSE,184636,0,Credit
8/18/20,09-000-1068,135,IBS VERIFICATION OF RESULTS,184640,0,Credit
8/18/20,09-000-1067,136,INCOME FROM ACCEPTANCE FEES,184641,0,Credit
8/18/20,09-000-1090,137,INCOME FROM BIOLOGICAL GARDEN,184642,0,Credit
8/18/20,09-101-1069,138,INCOME FROM COMPUTER SERVICES,184643,0,Credit
8/18/20,09-000-1069,139,INCOME FROM DEFERRED ADMISSION,184644,0,Credit
8/18/20,09-000-1077,140,INCOME FROM DIAGNOSTIC CENTRE,184645,0,Credit
8/18/20,09-609-1094,141,INCOME FROM FAPP / ILORIN BUSINESS SCHOOL - OTHERS,184646,0,Credit
8/18/20,09-000-1077,142,INCOME FROM FITNESS CENTRE,184647,0,Credit
8/18/20,09-000-1045,143,INCOME FROM LIBRARY PUBLICATION,184684,0,Credit
8/18/20,09-000-1066,144,INCOME FROM MATRIC STUDENTS,184649,0,Credit
8/18/20,09-000-1078,145,INCOME FROM MEDICAL EXAM / REFERRAL,184650,0,Credit
8/18/20,09-000-1080,146,INCOME FROM ORDER OF PROCESSING,184651,0,Credit
8/18/20,09-101-1065,147,INCOME FROM SANDWICH,184652,0,Credit
8/18/20,09-101-1084,148,INCOME FROM UNIVERSITY GUEST HOUSE,184653,0,Credit
8/18/20,09-000-1068,149,INCOME FROM VERIFICATION / SCREENING,184654,0,Credit
8/18/20,09-000-1048,150,INSURANCE CLAIMS / OTHERS,184655,0,Credit
8/18/20,09-000-1065,151,INTER - UNIVERSITY TRANSFER,184656,0,Credit
8/18/20,09-000-1040,152,INTEREST ON CURRENT ACCOUNTS,184657,0,Credit
8/18/20,09-000-1067,153,IOE ACCEPTANCE PAYMENT,184658,0,Credit
8/18/20,09-514-1065,154,IOE ADD/DROP PAYMENT,184659,0,Credit
8/18/20,09-000-1075,155,IOE APPLICATION FORM,184660,0,Credit
8/18/20,09-000-1064,156,IOE CHANGE OF COURSE FORM,184661,0,Credit
8/18/20,09-000-1078,157,IOE CLINIC REGISTRATION PAYMENT,184662,0,Credit
8/18/20,09-103-1090,158,IOE FACULTY CHARGES,184663,0,Credit
8/18/20,09-000-1023,159,IOE HOSTEL ACCOMMODATION,184664,0,Credit
8/18/20,09-000-1075,160,IOE INTERNATIONAL APPLICATION,184665,0,Credit
8/18/20,09-000-1022,161,IOE LATE REGISTRATION PAYMENT,184666,0,Credit
8/18/20,09-103-1090,162,IOE SCHOOL CHARGES,184667,0,Credit
8/18/20,09-000-1079,163,IOE TRANSCRIPT PAYMENT,184668,0,Credit
8/18/20,09-000-1065,164,IOE TRANSFER CHARGES,184669,0,Credit
8/18/20,09-000-1067,165,JUPEB ACCEPTANCE PAYMENT,184670,0,Credit
8/18/20,09-000-1095,166,JUPEB APPLICATION FORM,184671,0,Credit
8/18/20,09-000-1085,167,JUPEB CHANGE OF COURSE FORM,184672,0,Credit
8/18/20,09-000-1094,168,JUPEB FACULTY CHARGES,184673,0,Credit
8/18/20,09-000-1094,169,JUPEB FIRST INSTALLMENT SCHOOL CHARGES,184674,0,Credit
8/18/20,09-000-1094,170,JUPEB FULL SCHOOL CHARGES,184675,0,Credit
8/18/20,09-000-1094,171,JUPEB GENERAL PAYMENT,184676,0,Credit
8/18/20,09-000-1023,172,JUPEB HOSTEL ACCOMMODATION,184677,0,Credit
8/18/20,09-000-1022,173,JUPEB LATE REGISTRATION PAYMENT,184678,0,Credit
8/18/20,09-000-1094,174,JUPEB SECOND INSTALLMENT SCHOOL CHARGES,184679,0,Credit
8/18/20,09-000-1022,175,LATE REGISTRATION SURCHARGES,184680,0,Credit
8/18/20,09-000-1080,176,ORDER OF PROCEEDING,184681,0,Credit
8/18/20,09-000-1067,177,POSTGRADUATE ACCEPTANCE PAYMENT,184682,0,Credit
8/18/20,09-000-1084,178,POSTGRADUATE APPLICATION FORM,184683,0,Credit
8/18/20,09-000-1023,179,POSTGRADUATE CLINIC REGISTRATION PAYMENT,184684,0,Credit
8/18/20,09-101-1076,180,POSTGRADUATE EXAMINATION FEES,184685,0,Credit
8/18/20,09-101-1074,181,POSTGRADUATE GENERAL PAYMENT,184686,0,Credit
8/18/20,09-000-1023,182,POSTGRADUATE HOSTEL ACCOMMODATION,184687,0,Credit
8/18/20,09-101-1077,183,POSTGRADUATE LAB. & OTHER FEES,184688,0,Credit
8/18/20,09-000-1022,184,POSTGRADUATE LATE REGISTRATION PAYMENT,184689,0,Credit
8/18/20,09-101-1075,185,POSTGRADUATE REGISTRATION FEES,184690,0,Credit
8/18/20,09-000-1079,186,POSTGRADUATE TRANSCRIPT PAYMENT,184691,0,Credit
8/18/20,09-000-1085,187,POSTGRADUATE UTME SCREENING CHANGE OF COURSE,184692,0,Credit
8/18/20,09-000-1068,188,POSTGRADUATE VERIFICATION OF RESULTS,184693,0,Credit
8/18/20,09-000-1045,189,PUBLICATION,184694,0,Credit
8/18/20,09-000-1067,190,REMEDIAL ACCEPTANCE PAYMENT,184695,0,Credit
8/18/20,09-000-1053,191,REMEDIAL APPLICATION FORM,184696,0,Credit
8/18/20,09-000-1052,192,REMEDIAL FEES,184697,0,Credit
8/18/20,09-000-1023,193,REMEDIAL HOSTEL ACCOMMODATION,184698,0,Credit
8/18/20,09-000-1026,194,RENT ON UNIVERSITY PROPERTY,184699,0,Credit
8/18/20,09-000-1042,195,STUDENTS FEE - ACADEMIC PROGRAMME,184700,0,Credit
8/18/20,09-000-1023,196,STUDENTS HOSTEL FEES,184701,0,Credit
8/18/20,09-000-1079,197,TRANSCRIPT CHARGE,184702,0,Credit
8/18/20,09-000-1065,198,TRANSFER FORM,184703,0,Credit
8/18/20,09-000-1067,199,UNDERGRADUATE ACCEPTANCE PAYMENT,184704,0,Credit
8/18/20,09-101-1067,200,UNDERGRADUATE EXAMINATION FEES,184705,0,Credit
8/18/20,09-000-1023,201,UNDERGRADUATE HOSTEL ACCOMMODATION,184706,0,Credit
8/18/20,09-101-1066,202,UNDERGRADUATE REGISTRATION FEES,184707,0,Credit
8/18/20,09-000-1076,203,STUDENT ID CARDS,184708,0,Credit
8/18/20,09-000-1047,204,ADMIN CHARGES ON FUNDED PROJECTS,184709,0,Credit
8/18/20,09-000-1092,205,ADMINISTRATIVE CHARGES INCOME,184710,0,Credit
8/18/20,09-000-1097,207,Capitation - NHIS,184712,0,Credit
8/18/20,09-000-1063,208,COBES CHARGES,184713,0,Credit
8/18/20,09-000-1035,209,CONTRACTORS REGISTRATION FEES,184714,0,Credit
8/18/20,09-000-1087,210,DEPARTMENTAL INCOME,184716,0,Credit
8/18/20,09-000-1050,211,DISCIPLINARY FINES,184717,0,Credit
8/18/20,09-529-1063,212,FOREIGN UNDERGRADUATE REGISTRATION FEES,184718,0,Credit
8/18/20,09-000-1089,213,GENERAL DONATION TO UNILORIN,184719,0,Credit
8/18/20,09-000-1028,214,HIRE OF UNIVERSITY PROPERTY,184720,0,Credit
8/18/20,09-000-1027,215,HOUSE RENT FROM STAFF,184721,0,Credit
8/18/20,09-156-1092,216,IBS BANDWIDTH PAYMENT,184722,0,Credit
8/18/20,09-103-1092,217,IBS FACULTY CHARGES,184723,0,Credit
8/18/20,09-157-1092,218,IBS GENERAL PAYMENT,184724,0,Credit
8/18/20,09-104-1092,219,IBS LATE REGISTRATION PAYMENT,184726,0,Credit
8/18/20,09-158-1092,221,IBS POST UTME REGISTRATION,184727,0,Credit
8/18/20,09-159-1092,222,IBS SCHOOL CHARGES,184728,0,Credit
8/18/20,09-173-1092,223,Ilorin Business School Clearance Charges,184729,0,Credit
8/18/20,09-000-1030,224,INCOME FROM BANK DEPOSITS AND SHARE HOLDINGS,184730,0,Credit
8/18/20,09-000-1038,225,INCOME FROM BIO GARDEN,184731,0,Credit
8/18/20,09-101-1069,226,INCOME FROM BURSARY - PAYSLIP,184732,0,Credit
8/18/20,09-515-1065,227,INCOME FROM CHANGE OF COURSE / ADD & DROP FORM,184733,0,Credit
8/18/20,09-101-1085,228,INCOME FROM COMPUTER TRAINING,184734,0,Credit
8/18/20,09-000-1034,229,INCOME FROM CONSULTANCIES,184735,0,Credit
8/18/20,09-000-1093,230,INCOME FROM DENTAL CLINIC,184736,0,Credit
8/18/20,09-101-1091,231,INCOME FROM FAPP / ILORIN BUSINESS SCHOOL - DIPLOMA PROGRAMMES,184737,0,Credit
8/18/20,09-101-1092,232,INCOME FROM FAPP / ILORIN BUSINESS SCHOOL - MBA,184738,0,Credit
8/18/20,09-601-1094,233,INCOME FROM FAPP / ILORIN BUSINESS SCHOOL - MPA,184739,0,Credit
8/18/20,09-000-1086,234,INCOME FROM GNS OF BOOKS,184740,0,Credit
8/18/20,09-000-1041,235,INCOME FROM REVOLVING LOAN FORM,184741,0,Credit
8/18/20,09-000-1033,236,INCOME FROM UNIVERSITY BOOKSHOP,184742,0,Credit
8/18/20,09-000-1032,237,INCOME FROM UNIVERSITY BUS SERVICE,184743,0,Credit
8/18/20,09-101-1078,238,INCOME FROM UNIVERSITY FARMS,184744,0,Credit
8/18/20,09-000-1031,239,INCOME FROM UNIVERSITY PRESS,184745,0,Credit
8/18/20,09-000-1062,240,INCOME FROM VSAT VENTURE,184746,0,Credit
8/18/20,09-000-1059,241,INCOME LIB. & PUBLIC COMMITTEE,184747,0,Credit
8/18/20,09-000-1046,242,INCOME ON INVESTMENTS,184748,0,Credit
8/18/20,09-632-1065,243,Institute of Education Clearance Charges,184749,0,Credit
8/18/20,09-000-1060,244,INTEREST ON FOREIGN ACCOUNTS,184750,0,Credit
8/18/20,09-000-1058,245,INTEREST ON MOTORCYCLE LOAN,184751,0,Credit
8/18/20,09-000-1054,246,INTEREST ON UNIVERSITY HOUSING LOAN,184752,0,Credit
8/18/20,09-107-1065,247,IOE BANDWIDTH PAYMENT,184753,0,Credit
8/18/20,09-102-1090,248,IOE OTHER FEES/GENERAL PAYMENT,184755,0,Credit
8/18/20,09-106-1090,250,IOE POST UTME REGISTRATION,184756,0,Credit
8/18/20,09-000-1085,251,IOE UTME SCREENING CHANGE OF COURSE,184757,0,Credit
8/18/20,09-541-1065,252,IOE VERIFICATION OF RESULTS,184758,0,Credit
8/18/20,09-000-1094,253,JUPEB ADD/DROP PAYMENT,184759,0,Credit
8/18/20,09-000-1094,254,JUPEB BANDWIDTH PAYMENT,184760,0,Credit
8/18/20,09-000-1094,255,JUPEB Clearance Charges,184761,0,Credit
8/18/20,09-000-1094,256,JUPEB CLINIC REGISTRATION PAYMENT,184763,0,Credit
8/18/20,09-000-1071,258,LIBRARY PHOTOCOPYING,184764,0,Credit
8/18/20,09-000-1043,259,LOG BOOK,184765,0,Credit
8/18/20,09-000-1082,260,MOTOR VEHICLE LOAN INTEREST,184766,0,Credit
8/18/20,09-000-1039,261,OTHERS,184767,0,Credit
8/18/20,09-101-1086,262,P.G PROSPECTUS,184768,0,Credit
8/18/20,09-000-1084,263,P.G. ADMISSION FORM,184769,0,Credit
8/18/20,09-530-1074,264,POSTGRADUATE ADD/DROP PAYMENT,184770,0,Credit
8/18/20,09-703-1075,265,POSTGRADUATE BANDWIDTH PAYMENT,184771,0,Credit
8/18/20,09-702-1075,266,POSTGRADUATE CHANGE OF COURSE FORM,184772,0,Credit
8/18/20,09-701-1075,267,Postgraduate Clearance Charges,184773,0,Credit
8/18/20,09-530-1076,268,POSTGRADUATE FACULTY CHARGES,184774,0,Credit
8/18/20,09-510-1070,269,POSTGRADUATE INTERNATIONAL APPLICATION,184776,0,Credit
8/18/20,09-558-1076,271,POSTGRADUATE POST UTME REGISTRATION,184777,0,Credit
8/18/20,09-104-1074,272,POSTGRADUATE SCHOOL CHARGES,184778,0,Credit
8/18/20,09-701-1075,273,POSTGRADUATE TRANSFER CHARGES,184779,0,Credit
8/18/20,09-103-1074,274,POSTGRADUATE TUITION FEES,184780,0,Credit
8/18/20,09-001-3087,275,REFUND,184781,0,Credit
8/18/20,09-001-3087,276,Refund (Non Salary),184782,0,Credit
8/18/20,09-701-2154,277,Refund (Salary),184783,0,Credit
8/18/20,09-001-3087,278,Refund of Unspent Staff Personnal Advance,184784,0,Credit
8/18/20,09-000-1052,279,REMEDIAL ADD/DROP PAYMENT,184785,0,Credit
8/18/20,09-000-1052,280,REMEDIAL BANDWIDTH PAYMENT,184786,0,Credit
8/18/20,09-000-1085,281,REMEDIAL CHANGE OF COURSE FORM,184787,0,Credit
8/18/20,09-000-1052,282,Remedial Clearance Charges,184788,0,Credit
8/18/20,09-000-1052,283,REMEDIAL CLINIC REGISTRATION PAYMENT,184789,0,Credit
8/18/20,09-000-1052,284,REMEDIAL FACULTY CHARGES,184790,0,Credit
8/18/20,09-000-1052,285,REMEDIAL GENERAL PAYMENT,184791,0,Credit
8/18/20,09-000-1052,286,REMEDIAL INTERNATIONAL APPLICATION,184792,0,Credit
8/18/20,09-000-1022,287,REMEDIAL LATE REGISTRATION PAYMENT,184794,0,Credit
8/18/20,09-000-1052,289,REMEDIAL POST UTME REGISTRATION,184795,0,Credit
8/18/20,09-000-1052,290,REMEDIAL SCHOOL CHARGES,184796,0,Credit
8/18/20,09-000-1079,291,REMEDIAL TRANSCRIPT PAYMENT,184797,0,Credit
8/18/20,09-000-1065,292,REMEDIAL TRANSFER CHARGES,184798,0,Credit
8/18/20,09-000-1052,293,REMEDIAL UTME SCREENING CHANGE OF COURSE,184799,0,Credit
8/18/20,09-000-1068,294,REMEDIAL VERIFICATION OF RESULTS,184800,0,Credit
8/18/20,09-000-1055,295,RENT ON STAFF ACCOMMODATION,184801,0,Credit
8/18/20,09-000-1070,296,SALE OF CURRENT BOOK & JOURNAL,184802,0,Credit
8/18/20,09-000-1036,297,SALE OF GOVERNMENT ASSETS,184803,0,Credit
8/18/20,09-000-1064,298,SASAKAWA APPLICATION FORM,184804,0,Credit
8/18/20,09-000-1076,299,STAFF I.D CARDS,184805,0,Credit
8/18/20,09-000-1082,300,STAFF MOTOR VEHICLE LOAN INTEREST,184806,0,Credit
8/18/20,09-000-1081,301,STAFF QUARTERS ELECTRICITY CHARGE,184807,0,Credit
8/18/20,09-000-1043,302,STUDENT FEE - HANDBOOK,184808,0,Credit
8/18/20,09-000-1024,303,STUDENT HIRE OF CROWNS,184809,0,Credit
8/18/20,09-000-1057,304,STUDENT RESTITUTION FEE,184810,0,Credit
8/18/20,09-000-1044,305,STUDENTS FEES VACATION RESIDENCE,184811,0,Credit
8/18/20,09-000-1024,306,STUDENTS HIRE OF GOWNS,184812,0,Credit
8/18/20,09-000-1039,307,SUNDRY OTHER INCOMES,184813,0,Credit
8/18/20,09-000-1025,308,SUNDRY/OTHER FEES AND STUDENT CHARGES,184814,0,Credit
8/18/20,09-000-1035,309,TENDER FEES,184815,0,Credit
8/18/20,09-000-1097,310,Tertiary Institution Health Insurance Program (TISHIP),184816,0,Credit
8/18/20,721-001-3152,311,TRANSFER OF MDA ACCOUNT BALANCE TO CBN,184817,0,Credit
8/18/20,09-000-1029,312,TREATMENT OF NON UNIVERSITY PATIENTS,184818,0,Credit
8/18/20,09-103-1085,313,UNDERGRADUATE ADD/DROP PAYMENT,184819,0,Credit
8/18/20,09-530-1065,314,UNDERGRADUATE BANDWIDTH PAYMENT,184820,0,Credit
8/18/20,09-000-1085,315,UNDERGRADUATE CHANGE OF COURSE FORM,184821,0,Credit
8/18/20,09-700-1065,316,Undergraduate Clearance Charges,184822,0,Credit
8/18/20,09-558-1065,317,UNDERGRADUATE CLINIC REGISTRATION PAYMENT,184823,0,Credit
8/18/20,09-700-1066,318,UNDERGRADUATE FACULTY CHARGES,184824,0,Credit
8/18/20,09-558-1065,319,UNDERGRADUATE GENERAL PAYMENT,184825,0,Credit
8/18/20,09-701-1066,320,UNDERGRADUATE INTERNATIONAL APPLICATION,184826,0,Credit
8/18/20,09-101-1068,321,UNDERGRADUATE LAB & WORKSHOP FEES,184827,0,Credit
8/18/20,09-000-1022,322,UNDERGRADUATE LATE REGISTRATION PAYMENT,184829,0,Credit
8/18/20,09-106-1066,324,UNDERGRADUATE POST UTME REGISTRATION,184830,0,Credit
8/18/20,09-647-1065,325,UNDERGRADUATE SCHOOL CHARGES,184831,0,Credit
8/18/20,09-000-1079,326,UNDERGRADUATE TRANSCRIPT PAYMENT,184832,0,Credit
8/18/20,09-000-1065,327,UNDERGRADUATE TRANSFER CHARGES,184833,0,Credit
8/18/20,09-647-1065,328,UNDERGRADUATE TUITION FEES,184834,0,Credit
8/18/20,09-000-1085,329,UNDERGRADUATE UTME SCREENING CHANGE OF COURSE,184835,0,Credit
8/18/20,09-000-1068,330,UNDERGRADUATE VERIFICATION OF RESULTS,184837,0,Credit
8/18/20,09-000-1092,332,UNIVERSITY OF ILORIN - 1000115 - FEES,184838,0,Credit
8/18/20,09-000-1061,333,UTILITY INCOME,184839,0,Credit
8/18/20,01-000-1001,334,Federal Government Recurrent Personnel,184840,0,Credit
8/18/20,01-000-1008,335,N H I S CONTRIBUTION,184841,0,Credit
8/18/20,01-000-1012,336,7.5% Employers Pension Contribution,184842,0,Credit
8/18/20,01-000-1013,337,7.5% Employees Pension Contribution,184843,0,Credit
8/18/20,02-000-1002,338,Federal Government Recurrent Overhead Grants,184844,0,Credit
8/18/20,03-000-1003,339,Federal Governement Recurrent DTLCC Grants,184845,0,Credit
8/18/20,04-000-1004,340,Federal Government Recurrent Research Fund,184846,0,Credit
8/18/20,05-000-1005,341,Federal Government Recurrent Library Fund,184847,0,Credit
8/18/20,06-000-1006,342,Federal Government Recurrent Retirement Benefits Fund,184848,0,Credit
8/18/20,07-000-1007,343,Other Federal Government Recurrent Grants & Gifts,184849,0,Credit
8/18/20,08-000-1011,344,Other Grants & Gifts,184850,0,Credit
8/18/20,09-000-1088,345,DONATION TO WAUG,184851,0,Credit
8/18/20,21-002-4051,346,Capital Project Fund,184852,0,Credit
8/18/20,23-002-4065,347,EDUCATION TRUST FUND,184853,0,Credit
8/18/20,09-000-1055,348,Rent on Staff Accomodation,184854,0,Credit
8/18/20,09-000-1098,349,Endowment,184855,0,Credit
8/18/20,09-000-1098,350,Stamp Duty,184856,0,Credit
8/18/20,09-000-1026,351,RENT ON MULTIPURPOSE HALL,184857,0,Credit
8/18/20,09-000-1026,352,RENT ON CBT CENTRE,184858,0,Credit
8/18/20,09-000-1100,353,CENTRE FOR OPEN AND DISTANCE LEARNING (CODL),184859,0,Credit
8/18/20,09-000-1065,354,INTER - UNIVERSITY CLEARANCE FEES,184860,0,Credit
8/18/20,09-000-1065,355,INTRA - UNIVERSITY TRANSFER FEES,184861,0,Credit
8/18/20,09-101-1079,356,University School,184862,0,Credit
8/18/20,09-000-1026,357,RENT ON ABUJA PROPERTY,184863,0,Credit
8/18/20,09-000-1046,358,INCOME FROM UNILORIN PETROL STATION,184864,0,Credit
8/18/20,09-000-1046,359,INCOME FROM TEC,184865,0,Credit
8/18/20,09-000-1046,360,INCOME FROM APIARY,184866,0,Credit
8/18/20,09-000-1045,361,PUBLICATION INAUGURAL,184867,0,Credit
8/18/20,09-000-1026,362,INCOME FROM LAGOS LIAISON OFFICE,184868,0,Credit
8/18/20,09-000-1026,363,INCOME FROM ABUJA LIAISON OFFICE,184869,0,Credit
8/18/20,09-000-1078,364,INCOME FROM HEALTH CHARGES FOR STUDENTS,184870,0,Credit
8/18/20,09-000-1098,365,2percent Handling Charges,184871,0,Credit
8/18/20,09-000-1045,366,PROJECT BINIDING,184872,0,Credit
8/18/20,21-001-3091,368,SDA Repayment_Sundry Debtors,184873,0,Credit
8/18/20,09-002-4059,369,IITA SCHOLARSHIP GRANT,184874,0,Credit
8/18/20,09-000-1104,370,CML form,184875,0,Credit
8/18/20,09-000-1104,371,CML School Fees,184876,0,Credit
8/18/20,09-000-1104,372,CML Acceptance,184877,0,Credit
8/18/20,09-000-1026,373,Land Lease,184878,0,Credit
8/18/20,09-000-1039,374,Miscellaneous,184879,0,Credit
8/18/20,09-000-1103,375,CCSCA Form,184880,0,Credit
8/18/20,09-000-1103,376,CCSCA School Fees,184881,0,Credit
8/18/20,09-000-1103,377,CCSCA Acceptance,184882,0,Credit
8/18/20,09-000-1105,378,Income from TEC,184883,0,Credit
8/18/20,09-571-1081,379,Income From University School,184884,0,Credit
8/18/20,09-000-1048,380,Insurance Premium,184885,0,Credit
8/18/20,09-000-1101,381,Electricity Recovery,184886,0,Credit
8/18/20,09-000-1106,382,Proceeds from translators,184887,0,Credit
8/18/20,09-664-1084,383,Lagos Liason Guest House,184888,0,Credit
8/18/20,09-668-1084,384,Abuja Liason Office,184889,0,Credit
8/18/20,09-000-1102,385,CCSD Form,184890,0,Credit
8/18/20,09-000-1102,386,CCSD Fees,184891,0,Credit
8/18/20,09-000-1102,387,CCSD Acceptance,184892,0,Credit
8/18/20,09-000-1102,388,CCSD Project Supervision,184893,0,Credit
8/18/20,09-000-1102,389,CCSD Faculty Charges,184894,0,Credit
8/18/20,09-000-1107,390,"Lost, multilated or destroyed certificates",184895,0,Credit
8/18/20,09-000-1100,391,CODL Registration fee,184896,0,Credit
8/18/20,09-000-1100,392,CODL Addand Drop,184897,0,Credit
8/18/20,09-000-1100,393,CODL Acceptance,184898,0,Credit
8/18/20,09-000-1100,394,CODL Change of course,184899,0,Credit
8/18/20,09-000-1100,395,CODL General Payment,184900,0,Credit
8/18/20,09-000-1100,396,CODL Hostel Accomodation,184901,0,Credit
8/18/20,09-000-1100,397,CODL Faculty Charges,184902,0,Credit
8/18/20,09-002-4008,398,NELFUND,184903,0,Credit
8/18/20,09-001-3087,399,Learned Conference Refund,184904,0,Credit
8/18/20,09-000-1054,400,Housing Loan Form,184905,0,Credit
8/18/20,09-001-3083,401,Housing Loan Repayment,184906,0,Credit